{
    "LogisticRegression": {
        "accuracy": 0.9816666666666667,
        "precision": 0.9829705582538826,
        "recall": 0.9816666666666668,
        "f1": 0.9816358966658124,
        "roc_auc": 0.9999666666666666,
        "cv_mean": 0.985,
        "cv_std": 0.005055250296034367
    },
    "SVM": {
        "accuracy": 0.9966666666666667,
        "precision": 0.9966996699669967,
        "recall": 0.9966666666666667,
        "f1": 0.9966665833312499,
        "roc_auc": 0.9999699999999999,
        "cv_mean": 0.9966666666666667,
        "cv_std": 0.002581988897471585
    },
    "KNN": {
        "accuracy": 0.9966666666666667,
        "precision": 0.9966996699669967,
        "recall": 0.9966666666666667,
        "f1": 0.9966665833312499,
        "roc_auc": 0.999,
        "cv_mean": 0.9966666666666667,
        "cv_std": 0.002581988897471585
    },
    "RandomForest": {
        "accuracy": 0.9983333333333333,
        "precision": 0.9983498349834984,
        "recall": 0.9983333333333334,
        "f1": 0.998333291665625,
        "roc_auc": 0.9999699999999999,
        "cv_mean": 0.9976666666666665,
        "cv_std": 0.0013333333333333196
    }
}