{
    "LinearRegression": {
        "mae": 2.8808385337363247,
        "mse": 13.61473656082908,
        "rmse": 3.689815247519729,
        "r2": 0.9470378809350569,
        "mape": 21.991712718409357,
        "cv_mean": 0.9448658787405579,
        "cv_std": 0.0029946107180305738
    },
    "SVR": {
        "mae": 0.8996946330546666,
        "mse": 1.619415591062023,
        "rmse": 1.2725626079144488,
        "r2": 0.9937003789264485,
        "mape": 5.552278159106249,
        "cv_mean": 0.9938428211120562,
        "cv_std": 0.00038261965921135543
    },
    "KNN": {
        "mae": 0.016666666666666666,
        "mse": 0.08333333333333333,
        "rmse": 0.28867513459481287,
        "r2": 0.9996758284743623,
        "mape": 0.16666666666666669,
        "cv_mean": 0.9994826523415667,
        "cv_std": 0.00014467956965084092
    },
    "RandomForest": {
        "mae": 0.026530340277847345,
        "mse": 0.07893426276204937,
        "rmse": 0.28095242081542804,
        "r2": 0.9996929411153841,
        "mape": 0.35429994367452433,
        "cv_mean": 0.9997651264949144,
        "cv_std": 0.00012548832135835815
    }
}