{
    "model": "KNN",
    "metrics": {
        "mae": 0.016666666666666666,
        "mse": 0.08333333333333333,
        "rmse": 0.28867513459481287,
        "r2": 0.9996758284743623,
        "mape": 0.16666666666666669,
        "cv_mean": 0.9994826523415667,
        "cv_std": 0.00014467956965084092
    }
}