{
    "model": "SVR",
    "metrics": {
        "mae": 0.8996946330546666,
        "mse": 1.619415591062023,
        "rmse": 1.2725626079144488,
        "r2": 0.9937003789264485,
        "mape": 5.552278159106249,
        "cv_mean": 0.9938428211120562,
        "cv_std": 0.00038261965921135543
    }
}