{
    "model": "LinearRegression",
    "metrics": {
        "mae": 2.8808385337363247,
        "mse": 13.61473656082908,
        "rmse": 3.689815247519729,
        "r2": 0.9470378809350569,
        "mape": 21.991712718409357,
        "cv_mean": 0.9448658787405579,
        "cv_std": 0.0029946107180305738
    }
}