{
    "model": "RandomForest",
    "metrics": {
        "accuracy": 0.9983333333333333,
        "precision": 0.9983498349834984,
        "recall": 0.9983333333333334,
        "f1": 0.998333291665625,
        "roc_auc": 0.9999699999999999,
        "cv_mean": 0.9976666666666665,
        "cv_std": 0.0013333333333333196
    },
    "classification_report": {
        "5 mg/mL": {
            "precision": 0.9900990099009901,
            "recall": 1.0,
            "f1-score": 0.9950248756218906,
            "support": 100.0
        },
        "10 mg/mL": {
            "precision": 1.0,
            "recall": 0.99,
            "f1-score": 0.9949748743718593,
            "support": 100.0
        },
        "20 mg/mL": {
            "precision": 1.0,
            "recall": 1.0,
            "f1-score": 1.0,
            "support": 100.0
        },
        "30 mg/mL": {
            "precision": 1.0,
            "recall": 1.0,
            "f1-score": 1.0,
            "support": 100.0
        },
        "40 mg/mL": {
            "precision": 1.0,
            "recall": 1.0,
            "f1-score": 1.0,
            "support": 100.0
        },
        "50 mg/mL": {
            "precision": 1.0,
            "recall": 1.0,
            "f1-score": 1.0,
            "support": 100.0
        },
        "accuracy": 0.9983333333333333,
        "macro avg": {
            "precision": 0.9983498349834984,
            "recall": 0.9983333333333334,
            "f1-score": 0.998333291665625,
            "support": 600.0
        },
        "weighted avg": {
            "precision": 0.9983498349834984,
            "recall": 0.9983333333333333,
            "f1-score": 0.998333291665625,
            "support": 600.0
        }
    }
}