{
    "model": "RandomForest",
    "metrics": {
        "mae": 0.026530340277847345,
        "mse": 0.07893426276204937,
        "rmse": 0.28095242081542804,
        "r2": 0.9996929411153841,
        "mape": 0.35429994367452433,
        "cv_mean": 0.9997651264949144,
        "cv_std": 0.00012548832135835815
    }
}